37,2022-10-04,2022-10-12,Minnesota,"Aitkin County, MN",Canada Goose; Trumpeter Swan,Highly Pathogenic Avian Influenza (AI virus H5N1); Undetermined
2,2022-08-22,2022-08-22,Minnesota,"Dakota County, MN",Eastern Cottontail Rabbit,Undetermined
10,2022-08-25,2022-09-07,Minnesota,"Wabasha County, MN",American White Pelican; Canada Goose,Undetermined
32,2022-07-18,2022-09-21,Minnesota,"Marshall County, MN",American White Pelican; Blue-winged Teal; Ring-billed Gull,Highly Pathogenic Avian Influenza (AI virus H5N1); Undetermined
13,2022-06-26,2022-06-28,Minnesota,"Olmsted County, MN",Big Brown Bat,Undetermined
1,2022-05-01,2022-05-01,Minnesota,"St Louis County, MN",Hooded Merganser,Highly Pathogenic Avian Influenza (AI virus H5N1); Undetermined
11,2022-04-10,2022-04-26,Minnesota,"Aitkin County, MN",Rock Dove; Unidentified Blackbird/Icterid; Ruffed Grouse; Cooper's Hawk,Blunt Trauma (not otherwise specified) suspect; Undetermined
124,2021-12-01,,Minnesota,"Renville County, MN",House Sparrow; Northern Cardinal,Emaciation (not otherwise specified); Salmonellosis
706,2022-03-22,2022-04-28,Minnesota,"Houston County, MN",Lesser Scaup; American Coot; Canada Goose; Bufflehead; Unidentified Gull; Trumpeter Swan; Great Horned Owl,Highly Pathogenic Avian Influenza (AI virus H5N1); Trematodiasis (Cyathocotyle bushiensis); Trematodiasis (Leyogonimus polyoon); Trematodiasis (Sphaeridiotrema sp.)
1,2022-03-25,2022-03-25,Minnesota,"Dakota County, MN",Canada Goose,Highly Pathogenic Avian Influenza (AI virus H5N1); Undetermined
1,2022-03-25,2022-03-25,Minnesota,"Hennepin County, MN",Wood Duck,Highly Pathogenic Avian Influenza (AI virus H5N1); Undetermined
1,2022-03-20,2022-03-20,Minnesota,"Dakota County, MN",Bald Eagle,Highly Pathogenic Avian Influenza (AI virus H5N1); Undetermined
50,2022-03-21,2022-03-28,Minnesota,"Wilkin County, MN",Snow Goose,Highly Pathogenic Avian Influenza (AI virus H5N1); Undetermined
1,2022-03-25,2022-03-25,Minnesota,"Blue Earth County, MN",Canada Goose,Highly Pathogenic Avian Influenza (AI virus H5N1); Undetermined
3,2022-03-09,2022-03-16,Minnesota,"Kandiyohi County, MN",Great Horned Owl; Red-tailed Hawk,Highly Pathogenic Avian Influenza (AI virus H5); Undetermined
1,2022-03-07,2022-03-07,Minnesota,"Morrison County, MN",Barred Owl,Undetermined
8,2022-01-08,2022-02-07,Minnesota,"Scott County, MN",Trumpeter Swan,Toxicosis (lead) suspect
30,2021-11-16,2021-11-16,Minnesota,"Houston County, MN",American Coot; Unidentified Scaup,"Parasitism (Trematode, not otherwise specified) suspect"
4,2021-08-15,2021-10-31,Minnesota,"Dakota County, MN",Gray Treefrog,Undetermined
5,2021-09-11,2021-09-29,Minnesota,"Anoka County, MN",Blue Jay,Undetermined
10,2021-07-30,2021-07-31,Minnesota,"Hennepin County, MN",Canada Goose,Drowning (not otherwise specified)
28,2021-07-22,2021-09-03,Minnesota,"Hennepin County, MN",Mallard; Eastern Gray Squirrel; Great Blue Heron; Common Carp; Painted Turtle; Wood Duck,Botulism Type C
1702,2021-03-29,2021-05-05,Minnesota; Wisconsin,"Houston County, MN; La Crosse County, WI",American Coot; Unidentified Scaup; Northern Shoveler; Mallard,"Parasitism (Trematode, not otherwise specified) suspect"
22,2021-05-12,2021-05-14,Minnesota,"Faribault County, MN",Canada Goose; Unidentified Passerine,Undetermined
270,2021-04-29,2021-05-05,Minnesota,"Big Stone County, MN",Snapping Turtle; Painted Turtle,Undetermined
210,2021-01-10,2021-02-05,Minnesota,"Scott County, MN",Crappie; Bluegill; Mallard; Trumpeter Swan; Canada Goose,Toxicosis (lead)
2219,2020-09-10,2020-11-12,Wisconsin; Minnesota,"La Crosse County, WI; Houston County, MN",American Coot; Unidentified Scaup; Blue-winged Teal; Mallard,Trematodiasis (Cyathocotyle bushiensis); Trematodiasis (Sphaeridiotrema sp.)
26,2020-10-01,2020-10-02,Minnesota,"Winona County, MN",Pine Siskin,Undetermined
2500,2020-09-26,2020-10-17,Minnesota,"Wabasha County, MN",American Coot,Trematodiasis (Cyathocotyle bushiensis); Trematodiasis (Leyogonimus polyoon)
470,2020-07-15,2020-08-10,Minnesota,"Beltrami County, MN",American White Pelican; Double-crested Cormorant,Emaciation (not otherwise specified); Salmonellosis; West Nile Virus
48,2020-06-29,2020-07-19,Minnesota,"Douglas County, MN",Mudpuppy Salamander,Undetermined
40,2020-02-11,,Minnesota,"Otter Tail County, MN",Big Brown Bat,Pending
1,2019-07-14,2019-07-14,Minnesota,"Yellow Medicine County, MN",Bullsnake,Fungal Infection (integumentary)
450,2019-09-20,2019-11-05,Minnesota; Wisconsin,"Houston County, MN; La Crosse County, WI",American Coot; Lesser Scaup,Trematodiasis (Cyathocotyle bushiensis) suspect; Trematodiasis (Leyogonimus polyoon) suspect; Trematodiasis (Sphaeridiotrema globulus) suspect
20,2019-12-18,2019-12-27,Minnesota,"Washington County, MN",Mallard,Trematodiasis (Sphaeridiotrema sp.)
9,2019-10-24,2019-11-01,Minnesota,"Aitkin County, MN",Canvasback; Ring-necked Duck; Pied-billed Grebe; Redhead Duck; Ruddy Duck,Undetermined
49,2019-10-06,2019-10-08,Minnesota,"Dakota County, MN",Double-crested Cormorant; Spiny Softshell Turtle; American White Pelican; Great Egret; Ring-billed Gull,Undetermined
316,2019-07-30,2019-08-01,Minnesota,"Lac Qui Parle County, MN",American White Pelican; Double-crested Cormorant; Canada Goose,West Nile Virus
165,2019-07-21,2019-08-23,Minnesota,"Meeker County, MN",Double-crested Cormorant; American White Pelican,Salmonellosis; West Nile Virus
7,2019-07-15,2019-07-18,Minnesota,"Otter Tail County, MN",Mudpuppy Salamander,Septicemia
36,2019-05-01,2019-08-31,Minnesota,"Aitkin County, MN; Crow Wing County, MN; Itasca County, MN; Lake County, MN; St Louis County, MN",Common Loon,West Nile Virus
1,2018-09-02,2018-09-02,Minnesota,"Wright County, MN",Common Loon,Emaciation (not otherwise specified)
76,2019-06-24,2019-08-10,Minnesota,"Wright County, MN",Double-crested Cormorant; Canada Goose,Newcastle Disease
4,2019-03-01,2019-04-30,Minnesota,"Lake County, MN",Little Brown Bat,White-nose Syndrome
1,2018-09-19,2018-09-19,Minnesota,"Aitkin County, MN",Bald Eagle,Electrocution (power line)
206,2019-05-27,,Minnesota,"Becker County, MN",Mudpuppy Salamander,Pending
80,2019-05-25,2019-06-18,Minnesota,"Houston County, MN",Snapping Turtle; Painted Turtle; Unidentified Turtle,Bacterial Infection (not otherwise specified)
706,2019-04-09,2019-05-10,Wisconsin; Minnesota,"La Crosse County, WI; Houston County, MN",Lesser Scaup; Ruddy Duck; Common Goldeneye,Trematodiasis (Cyathocotyle bushiensis); Trematodiasis (Sphaeridiotrema sp.)
23,2019-03-01,2019-04-12,Minnesota,"Anoka County, MN; Dakota County, MN; Ramsey County, MN; Washington County, MN",Trumpeter Swan,Toxicosis (lead)
1,2018-08-27,2018-08-27,Minnesota,"Marshall County, MN",Double-crested Cormorant,Newcastle Disease
53,2018-10-04,2018-10-07,Minnesota,"St Louis County, MN",Unidentified Avian,Toxicosis (ethanol) suspect
17,2018-11-27,2018-11-27,Minnesota,"Olmsted County, MN",Cedar Waxwing,Toxicosis (ethanol) suspect; Trauma (not otherwise specified)
132,2018-10-12,2018-10-20,Minnesota,"Stearns County, MN; Rice County, MN; Scott County, MN",Barn Swallow,Emaciation (starvation) suspect
11,2018-09-13,2018-09-14,Minnesota,"Dakota County, MN",Mallard,Botulism Type C
2,2016-04-04,2016-04-30,Minnesota,"Washington County, MN",Little Brown Bat,White-nose Syndrome
1322,2018-08-31,2018-11-13,Minnesota; Wisconsin,"Houston County, MN; La Crosse County, WI",Lesser Scaup; American Coot; Bufflehead; Blue-winged Teal; Canvasback; Ring-billed Gull,Undetermined; Trematodiasis (Cyathocotyle bushiensis); Trematodiasis (Sphaeridiotrema sp.); Emaciation (not otherwise specified)
50,2018-08-15,2018-09-05,Minnesota,"Cass County, MN",Double-crested Cormorant,Undetermined
39,2018-08-20,2018-08-27,Minnesota,"Faribault County, MN",Double-crested Cormorant; American White Pelican; Unidentified Gull,Undetermined
35,2018-08-09,2018-08-24,Minnesota,"Hennepin County, MN",Mallard,Botulism Type C
95,2018-08-07,2018-08-10,Minnesota,"Otter Tail County, MN",Double-crested Cormorant,Newcastle Disease
21,2018-07-30,2018-08-10,Minnesota,"Lake County, MN",Herring Gull,Bacterial Infection (Bisgaard)
21,2018-07-01,2018-07-16,Minnesota,"Mahnomen County, MN",American Crow; Blue Jay,West Nile Virus
1,2018-04-11,2018-04-30,Minnesota,"Winona County, MN",Little Brown Bat,White-nose Syndrome
1,2018-02-21,2018-04-30,Minnesota,"Wabasha County, MN",Little Brown Bat,White-nose Syndrome
2,2017-04-07,2017-04-30,Minnesota,"Itasca County, MN",Little Brown Bat,White-nose Syndrome
2,2017-04-19,2017-04-30,Minnesota,"Ramsey County, MN",Little Brown Bat; Northern Long-Eared Bat,White-nose Syndrome
1,2017-03-19,2017-04-30,Minnesota,"Pine County, MN",Little Brown Bat,White-nose Syndrome; Trauma (not otherwise specified)
3,2017-03-22,2017-04-30,Minnesota,"Olmsted County, MN",Little Brown Bat,White-nose Syndrome
1,2017-02-25,2017-04-30,Minnesota,"Hennepin County, MN",Little Brown Bat,White-nose Syndrome
1107,2018-06-21,2018-08-01,Minnesota,"Otter Tail County, MN",Mudpuppy Salamander,Bacterial Infection (multisystemic)
1,2017-02-12,2017-04-30,Minnesota,"Dakota County, MN",Little Brown Bat,White-nose Syndrome
27,2018-04-25,2018-05-11,Minnesota,"Freeborn County, MN",American Coot; Canada Goose; Blue-winged Teal; Mallard; Gadwall; Wood Duck,Toxicosis (lead)
104,2018-04-17,2018-04-27,Minnesota,"Kandiyohi County, MN",American Coot,Pneumonia
1900,2018-03-29,2018-05-04,Wisconsin; Minnesota,"La Crosse County, WI; Houston County, MN",Lesser Scaup; American Coot,Trematodiasis (Leyogonimus polyoon); Trematodiasis (Cyathocotyle bushiensis); Trematodiasis (Sphaeridiotrema sp.)
201,2018-03-19,2018-03-23,Minnesota,"Scott County, MN",Mallard; Canada Goose,Undetermined; Drowning (not otherwise specified) suspect
140,2018-01-07,2018-02-01,Minnesota,"Dakota County, MN",Mallard,Aspergillosis
250,2017-10-04,2017-11-08,Minnesota; Wisconsin,"Houston County, MN; La Crosse County, WI",American Coot; Lesser Scaup,Trematodiasis (Leyogonimus polyoon); Trematodiasis (Cyathocotyle bushiensis)
1,2016-02-01,2016-04-30,Minnesota,"St Louis County, MN",Unidentified Bat,White-nose Syndrome
0,2016-03-01,2016-04-30,Minnesota,"Pine County, MN",Big Brown Bat; Little Brown Bat,Undetermined
1,2016-02-01,2016-04-30,Minnesota,"Lake County, MN",Unidentified Bat,Undetermined
63,2017-07-24,2017-07-29,Minnesota,"Hennepin County, MN",Mallard; House Sparrow,Undetermined
47,2017-07-18,2017-07-24,Minnesota,"Crow Wing County, MN",Ring-billed Gull; Double-crested Cormorant; Canada Goose,Botulism Type C
20,2017-07-12,2017-07-19,Minnesota,"Becker County, MN",Mudpuppy Salamander,Undetermined
30,2017-04-01,2017-05-10,Minnesota,"Olmsted County, MN; Yellow Medicine County, MN; Blue Earth County, MN; Aitkin County, MN; Pope County, MN; Kandiyohi County, MN; Dodge County, MN; Winona County, MN",Raccoon; Coyote,Canine Distemper
215,2017-03-08,2017-04-30,Minnesota,"Fillmore County, MN",Little Brown Bat; Eastern Pipistrelle (AKA Tricolored) Bat,White-nose Syndrome suspect
124,2017-02-11,2017-04-30,Minnesota,"Fillmore County, MN",Little Brown Bat,White-nose Syndrome
80,2017-02-18,2017-04-30,Minnesota,"Goodhue County, MN",Little Brown Bat,White-nose Syndrome
0,2017-01-24,2017-04-30,Minnesota,"Ramsey County, MN",Eastern Pipistrelle (AKA Tricolored) Bat,Undetermined
3151,2017-04-06,2017-05-04,Minnesota; Wisconsin,"Houston County, MN; La Crosse County, WI",American Coot; Lesser Scaup; Ruddy Duck,Trematodiasis (Sphaeridiotrema sp.); Trematodiasis (Cyathocotyle bushiensis)
17,2017-02-27,2017-02-27,Minnesota,"Carver County, MN",Snow Goose,Penetrating Trauma (gunshot)
5,2017-01-21,2017-01-23,Minnesota,"Otter Tail County, MN",Trumpeter Swan,Undetermined
1000,2016-04-15,2016-04-30,Minnesota,"Winona County, MN",American Coot,"Parasitism (Trematode, not otherwise specified) suspect"
6,2016-11-01,2017-03-01,Minnesota,"Carver County, MN",Trumpeter Swan,Undetermined; Toxicosis (lead)
7254,2016-09-09,2016-11-30,Minnesota; Wisconsin,"Winona County, MN; La Crosse County, WI; Houston County, MN; Wabasha County, MN",American Coot; Blue-winged Teal; Lesser Scaup; Ring-necked Duck,Trematodiasis (Leyogonimus polyoon); Trematodiasis (Cyathocotyle bushiensis); Trematodiasis (Sphaeridiotrema sp.)
35,2016-05-24,2016-07-27,Minnesota; Wisconsin,"St Louis County, MN; Ashland County, WI",Common Tern,Bacterial Infection (Bisgaard); Bacterial Infection (not otherwise specified)
50,2016-08-05,2016-08-05,Minnesota,"Otter Tail County, MN",Double-crested Cormorant,Undetermined
12,2016-07-04,2016-08-01,Minnesota,"Becker County, MN",Mudpuppy Salamander,Anemia suspect; Emaciation (not otherwise specified) suspect
22,2016-07-28,2016-08-01,Minnesota,"Lake County, MN",Unidentified Gull; Herring Gull,Bacterial Infection (not otherwise specified)
60,2016-07-14,2016-08-15,Minnesota,"Pope County, MN",American White Pelican; Double-crested Cormorant; American Bittern,Newcastle Disease
15,2016-07-26,2016-08-19,Minnesota,"Rice County, MN",Double-crested Cormorant,Newcastle Disease
27,2016-07-22,2016-08-17,Minnesota,"Blue Earth County, MN",Double-crested Cormorant; Western Grebe,Salmonellosis
3197,2016-07-16,2016-09-01,Minnesota,"Big Stone County, MN",Ring-billed Gull; American White Pelican; Double-crested Cormorant; Canada Goose; Great Egret,Newcastle Disease; West Nile Virus; Botulism Type C; Septicemia; Salmonellosis; Undetermined
200,2016-07-15,2016-08-05,Minnesota,"Mille Lacs County, MN",Double-crested Cormorant,Newcastle Disease
13,2016-06-24,2016-07-31,Minnesota,"Blue Earth County, MN",Canada Goose,Undetermined
27,2015-12-15,2016-03-14,Minnesota,"Rice County, MN",Unidentified Frog; Northern Leopard Frog,Chytridiomycosis (Batrachochytrium dendrobatidis) suspect
4800,2016-03-25,2016-05-04,Wisconsin; Minnesota,"La Crosse County, WI; Houston County, MN",American Coot; Lesser Scaup,Trematodiasis (Leyogonimus polyoon); Trematodiasis (Sphaeridiotrema sp.)
30,2016-03-05,2016-03-07,Minnesota,"Waseca County, MN",House Sparrow,Salmonellosis
8,2016-03-07,2016-03-07,Minnesota,"Steele County, MN",Rock Dove,Penetrating Trauma (gunshot)
16,2016-02-27,2016-03-02,Minnesota,"Le Sueur County, MN",Northern Leopard Frog,Chytridiomycosis (Batrachochytrium dendrobatidis)
392,2016-01-15,2016-04-30,Minnesota,"St Louis County, MN",Little Brown Bat; Northern Long-Eared Bat,White-nose Syndrome
13,2016-01-23,2016-02-29,Minnesota,"Washington County, MN",Mallard; Canada Goose,Undetermined; Toxicosis (lead); Bacterial Infection (Escherichia coli)
900,2015-09-28,2015-12-01,Wisconsin; Minnesota,"La Crosse County, WI; Houston County, MN",American Coot; Lesser Scaup; Bufflehead,Trematodiasis (Sphaeridiotrema sp.); Trematodiasis (Cyathocotyle bushiensis); Trematodiasis (Leyogonimus polyoon)
10,2015-09-07,2015-09-08,Minnesota,"Stearns County, MN",Mallard,Undetermined
1,2015-06-10,2015-06-10,Minnesota,"Ramsey County, MN",Black-capped Chickadee,Highly Pathogenic Avian Influenza (AI virus H5); Undetermined
1,2015-04-14,2015-04-14,Minnesota,"Yellow Medicine County, MN",Cooper's Hawk,Highly Pathogenic Avian Influenza (AI virus H5N2)
15,2015-08-01,2015-08-24,Minnesota,"Otter Tail County, MN",Mallard,Emaciation (not otherwise specified); Parasitism (not otherwise specified)
8,2015-08-11,2015-08-11,Minnesota,"Itasca County, MN",Little Brown Bat,Trauma (predation or aggression)
5,2015-07-01,2015-07-13,Minnesota,"Stevens County, MN",Brewer's Blackbird,Undetermined
525,2015-07-31,2015-08-15,Minnesota,"Lake Of The Woods County, MN",Ring-billed Gull,Emaciation (not otherwise specified)
6,2015-07-29,2015-07-30,Minnesota,"Hennepin County, MN",Mallard; Unidentified Turtle,Botulism Type C
15,2015-07-01,2015-07-15,Minnesota,"Douglas County, MN",Unidentified Avian; Rose-breasted Grosbeak,Undetermined
32,2015-07-18,2015-07-20,Minnesota,"Wright County, MN",American Goldfinch; American Robin; Unidentified Sparrow,Undetermined
8,2015-04-06,2015-06-03,Minnesota,"Renville County, MN",European Starling,Trauma (not otherwise specified) suspect
50,2015-05-15,2015-05-15,Minnesota,"Mahnomen County, MN",American Coot; Lincoln's Sparrow; Ovenbird; Sora Rail; Unidentified Avian; Virginia Rail; Western Palm Warbler,Trauma (not otherwise specified)
150,2015-05-05,2015-05-28,Minnesota,"Fillmore County, MN",Rock Dove,Penetrating Trauma (gunshot); Undetermined
200,2015-04-27,2015-05-15,Minnesota,"Otter Tail County, MN",American Coot,"Parasitism (not otherwise specified); Trematodiasis (Leyogonimus polyoon); Parasitism (Notocotylus sp.); Parasitism (Acanthocephalan, not otherwise specified)"
12,2015-04-26,2015-05-15,Minnesota,"Roseau County, MN",American Coot,Emaciation (not otherwise specified); Parasitism (gastrointestinal/hepatic)
100,2015-04-20,2015-04-27,Minnesota,"Winona County, MN",American Coot,Trematodiasis (Cyathocotyle bushiensis); Trematodiasis (Leyogonimus polyoon); Parasitism (Notocotylus sp.)
1817,2015-04-08,2015-05-11,Minnesota,"Houston County, MN",American Coot; Lesser Scaup; Bufflehead; Hooded Merganser,Trematodiasis (Sphaeridiotrema sp.); Trematodiasis (Cyathocotyle bushiensis); Trematodiasis (Leyogonimus polyoon)
12,2015-04-12,2015-04-12,Minnesota,"Pennington County, MN",Rusty Blackbird; Common Grackle,Blunt Trauma (not otherwise specified)
7,2014-10-20,2014-10-20,Minnesota,"Meeker County, MN",Double-crested Cormorant,Blunt Trauma (not otherwise specified); Salmonellosis
102,2014-09-06,2014-11-22,Minnesota,"Houston County, MN",American Coot; Lesser Scaup,"Parasitism (Trematode, not otherwise specified); Trematodiasis (Leyogonimus polyoon); Trematodiasis (Cyathocotyle bushiensis); Parasitism (Notocotylus sp.)"
200,2014-06-01,2014-08-15,Minnesota,"Becker County, MN",Mudpuppy Salamander,Undetermined
12,2014-06-12,2014-08-15,Minnesota,"Becker County, MN",Mudpuppy Salamander,Undetermined
81,2014-08-01,2014-09-30,Minnesota,"Cass County, MN",Unidentified Gull; Double-crested Cormorant,Avian Paramyxovirus-1 suspect
44,2014-08-01,2014-08-15,Minnesota,"Big Stone County, MN",Ring-billed Gull; American White Pelican; Double-crested Cormorant,West Nile Virus; Emaciation (not otherwise specified); Salmonellosis; Circovirus suspect; Fungal Infection (respiratory); Coccidioidomycosis
70,2014-07-17,2014-08-05,Minnesota,"Fillmore County, MN",Big Brown Bat,Emaciation (not otherwise specified)
40,2014-07-15,2014-09-30,Minnesota,"Meeker County, MN",Double-crested Cormorant; American White Pelican; Killdeer; Unidentified Gull,Newcastle Disease; Avian Cholera
14,2014-06-07,2014-06-07,Minnesota,"Lake County, MN",Double-crested Cormorant,Penetrating Trauma (gunshot)
755,2014-04-11,2014-05-15,Minnesota,"Houston County, MN",Lesser Scaup; American Coot; Northern Shoveler; Bufflehead; Ruddy Duck,"Parasitism (Trematode, not otherwise specified); Trematodiasis (Cyathocotyle bushiensis); Trematodiasis (Sphaeridiotrema sp.); Trematodiasis (Leyogonimus polyoon)"
10,2013-10-29,2013-11-15,Minnesota,"Itasca County, MN",American Coot; Lesser Scaup,"Parasitism (Trematode, not otherwise specified); Trematodiasis (Cyathocotyle bushiensis); Trematodiasis (Sphaeridiotrema sp.)"
279,2013-10-24,2013-11-06,Minnesota,"Houston County, MN",American Coot; Lesser Scaup; Bufflehead; Northern Shoveler,"Parasitism (Trematode, not otherwise specified); Trematodiasis (Cyathocotyle bushiensis); Trematodiasis (Leyogonimus polyoon)"
36,2013-08-20,2013-08-21,Minnesota,"Blue Earth County, MN",Little Brown Bat,Emaciation (not otherwise specified)
5505,2013-04-08,2013-05-08,Minnesota,"Houston County, MN",American Coot; Lesser Scaup; Ring-necked Duck; Ruddy Duck; Bufflehead; Northern Shoveler; Common Goldeneye,"Parasitism (Trematode, not otherwise specified); Trematodiasis (Sphaeridiotrema sp.); Trematodiasis (Cyathocotyle bushiensis); Trematodiasis (Leyogonimus polyoon)"
70,2012-08-10,2012-08-30,Minnesota,"Otter Tail County, MN",Double-crested Cormorant,Newcastle Disease
11,2012-11-01,2012-12-01,Minnesota,"Itasca County, MN",Lesser Scaup; Ring-necked Duck; Mallard,"Parasitism (Trematode, not otherwise specified)"
65,2012-08-13,2012-08-31,Minnesota,"Grant County, MN",Unidentified Avian; Double-crested Cormorant; Great Blue Heron; Canada Goose; Unidentified Egret; Ring-billed Gull,Newcastle Disease
59,2012-10-19,2012-12-01,Minnesota,"Itasca County, MN",Unidentified Scaup; Lesser Scaup; American Coot; Greater Scaup,"Parasitism (Trematode, not otherwise specified)"
40,2012-08-10,2012-09-30,Minnesota,"Mille Lacs County, MN",Double-crested Cormorant; Common Loon; Mallard,Newcastle Disease
250,2012-08-01,2012-09-15,Minnesota,"Faribault County, MN",American White Pelican; Double-crested Cormorant,Newcastle Disease
5,2012-08-02,2012-08-15,Minnesota,"Hubbard County, MN",Double-crested Cormorant,Newcastle Disease
300,2012-08-03,2012-08-15,Minnesota,"Rice County, MN",Double-crested Cormorant,Newcastle Disease
375,2012-08-13,2012-08-31,Minnesota,"Crow Wing County, MN",Ring-billed Gull; Double-crested Cormorant; Great Blue Heron,Newcastle Disease
4585,2012-09-17,2012-12-26,Minnesota,"Houston County, MN",Lesser Scaup; American Coot; Blue-winged Teal; Bufflehead; Ruddy Duck; Ring-necked Duck; Sora Rail,"Parasitism (Trematode, not otherwise specified); Trematodiasis (Cyathocotyle bushiensis); Trematodiasis (Sphaeridiotrema globulus)"
800,2012-07-16,2012-09-01,Minnesota,"Meeker County, MN",Double-crested Cormorant; American White Pelican; Great Blue Heron; Ring-billed Gull,Newcastle Disease; Botulism Type C; Bacterial Infection (Erysipelothrix rhusiopathae); West Nile Virus; Salmonellosis
18,2012-07-11,2012-07-17,Minnesota,"Ramsey County, MN",Canada Goose,Botulism Type C
2360,2012-07-18,2012-08-31,Minnesota,"Lac Qui Parle County, MN",American White Pelican; Ring-billed Gull; Double-crested Cormorant,Botulism Type C; West Nile Virus
31,2012-06-30,2012-08-01,Minnesota,"Dakota County, MN",Mallard,Botulism Type C
1000,2012-05-01,2012-06-15,Minnesota,"Becker County, MN",Mudpuppy Salamander,Undetermined
15,2012-03-29,2012-04-12,Minnesota,"Sherburne County, MN",Trumpeter Swan,Toxicosis (lead)
250,2012-04-22,2012-05-05,Minnesota,"Itasca County, MN",Greater Scaup; Lesser Scaup,Trematodiasis (Cyathocotyle bushiensis); Trematodiasis (Sphaeridiotrema sp.)
100,2012-04-15,2012-04-16,Minnesota,"McLeod County, MN",Northern Leopard Frog,Chytridiomycosis (Batrachochytrium dendrobatidis)
25000,2012-03-12,2012-04-23,Minnesota,"Houston County, MN",American Coot; Lesser Scaup; Ring-necked Duck; Northern Shoveler; Blue-winged Teal; Bufflehead; Ruddy Duck; Canvasback,"Parasitism (Trematode, not otherwise specified); Trematodiasis (Sphaeridiotrema globulus); Trematodiasis (Leyogonimus polyoon); Trematodiasis (Cyathocotyle bushiensis)"
19,2011-08-15,2011-12-04,Minnesota,"Dakota County, MN",Green Frog; American Toad; Northern Leopard Frog; Wood Frog,Ranavirus; Chytridiomycosis (Batrachochytrium dendrobatidis)
300,2011-10-02,2011-11-18,Minnesota,"Itasca County, MN",Lesser Scaup; Common Goldeneye,Trematodiasis (Cyathocotyle bushiensis); Trematodiasis (Sphaeridiotrema sp.); Penetrating Trauma (gunshot)
6610,2011-10-06,2011-12-08,Minnesota,"Houston County, MN",Unidentified Waterfowl; American Coot; Lesser Scaup; Ring-necked Duck; Bufflehead,Trematodiasis (Cyathocotyle bushiensis); Trematodiasis (Sphaeridiotrema sp.)
5850,2011-03-29,2011-04-22,Minnesota,"Houston County, MN",Lesser Scaup; American Coot; Ring-necked Duck,Trematodiasis (Sphaeridiotrema globulus); Trematodiasis (Cyathocotyle bushiensis)
212,2011-08-25,2011-10-21,Minnesota,"Clay County, MN",Mallard; Canada Goose,Botulism Type C
80,2011-08-09,2011-08-25,Minnesota,"Crow Wing County, MN",Ring-billed Gull; Double-crested Cormorant,Undetermined
300,2011-04-20,2011-05-13,Minnesota,"Itasca County, MN",Lesser Scaup,Trematodiasis (Sphaeridiotrema globulus); Trematodiasis (Cyathocotyle bushiensis)
7000,2011-03-29,2011-04-22,Minnesota,"Houston County, MN",Lesser Scaup; American Coot; Bufflehead; Ring-necked Duck,Parasitism (not otherwise specified) suspect
1000,2010-07-01,2010-08-31,Minnesota,"Douglas County, MN",Mudpuppy Salamander,Undetermined
712,2010-03-24,2010-04-29,Minnesota,"Houston County, MN",Lesser Scaup; American Coot; Ruddy Duck; Bufflehead,Trematodiasis (Sphaeridiotrema globulus); Trematodiasis (Cyathocotyle bushiensis); Trematodiasis (Leyogonimus polyoon)
4290,2010-09-06,2010-11-26,Minnesota,"Houston County, MN",American Coot; Lesser Scaup; Ring-necked Duck; Bufflehead; Mallard; Unidentified Goldeneye; Blue-winged Teal; Canvasback; Northern Shoveler; Redhead Duck; Ruddy Duck,"Parasitism (Trematode, not otherwise specified); Trematodiasis (Sphaeridiotrema globulus); Trematodiasis (Cyathocotyle bushiensis)"
1200,2010-10-05,2010-11-24,Minnesota,"Itasca County, MN",Lesser Scaup; American Coot,"Parasitism (Trematode, not otherwise specified); Trematodiasis (Cyathocotyle bushiensis); Trematodiasis (Sphaeridiotrema globulus)"
110,2010-07-27,2010-08-01,Minnesota,"Pope County, MN",Ring-billed Gull; American White Pelican; Double-crested Cormorant,Aspergillosis
125,2010-07-27,2010-10-01,Minnesota,"St Louis County, MN",Double-crested Cormorant; Herring Gull; Ring-billed Gull,"Avian Paramyxovirus-1 suspect; Parasitism (Leucocytozoon sp.); Parasitism (Trematode, not otherwise specified); Salmonellosis; Encephalitis"
800,2010-07-29,2010-08-06,Minnesota,"Lake Of The Woods County, MN",Ring-billed Gull; Double-crested Cormorant; American White Pelican,Emaciation (not otherwise specified); Salmonellosis
17,2010-07-28,2010-08-12,Minnesota,"Otter Tail County, MN",Double-crested Cormorant; Canada Goose; Great Egret; Mallard; Wood Duck,"Parasitism (Trematode, not otherwise specified); Encephalitis"
384,2010-07-27,2010-10-01,Minnesota,"Rice County, MN",Double-crested Cormorant; Great Egret; Mallard,"Newcastle Disease; Aspergillosis; Salmonellosis; Parasitism (Trematode, not otherwise specified)"
1417,2010-07-05,2010-09-28,Minnesota,"Lac Qui Parle County, MN",American White Pelican; Ring-billed Gull; Double-crested Cormorant; Unidentified Egret; Canada Goose; American Coot; Great Blue Heron; Mallard,Newcastle Disease; West Nile Virus; Salmonellosis; Aspergillosis; Parasitism (Contracaecum sp.)
70,2010-07-17,2010-07-17,Minnesota,"Brown County, MN",Tree Swallow,Toxicosis (not otherwise specified) suspect; Undetermined
13,2010-05-15,2010-05-17,Minnesota,"Cottonwood County, MN",Purple Martin,Emaciation (not otherwise specified) suspect
8,2010-01-12,2010-01-12,Minnesota,"Goodhue County, MN",Mallard,Trauma (predation or aggression); Undetermined
11,2009-11-09,2009-11-15,Minnesota,"Wadena County, MN",Canada Goose,Trematodiasis (Sphaeridiotrema globulus)
122,2009-10-09,2009-11-25,Minnesota,"Itasca County, MN",American Coot; Lesser Scaup,Trematodiasis (Cyathocotyle bushiensis); Trematodiasis (Sphaeridiotrema globulus); Trematodiasis (Leyogonimus polyoon)
47,2009-09-23,2009-09-24,Minnesota,"Chippewa County, MN",Common Yellowthroat,Blunt Trauma (weather related) suspect
1537,2009-09-18,2009-11-24,Minnesota; Wisconsin,"Houston County, MN; La Crosse County, WI",American Coot; Lesser Scaup; Bufflehead; Mallard; Blue-winged Teal; Unidentified Duck; Northern Pintail; Ruddy Duck; Canvasback; Ring-necked Duck; Tundra Swan,Trematodiasis (Cyathocotyle bushiensis); Trematodiasis (Leyogonimus polyoon); Trematodiasis (Sphaeridiotrema globulus)
2150,2009-07-25,2009-08-25,Minnesota,"Crow Wing County, MN",Great Blue Heron; Canada Goose; Double-crested Cormorant; Ring-billed Gull,"Aspergillosis; Salmonellosis; Renal Coccidiosis (Coccidia, not otherwise specified); Circovirus"
1440,2009-06-05,2009-08-31,Minnesota,"Swift County, MN; Lac Qui Parle County, MN",American White Pelican; Ring-billed Gull; Double-crested Cormorant; Unidentified Domestic Or Hybrid Goose; Unidentified Egret,West Nile Virus; New Duck Disease
13,2009-05-28,2009-06-12,Minnesota,"Hennepin County, MN",Mallard; Canada Goose,Botulism Type C
20,2009-05-12,2010-05-25,Minnesota,"Freeborn County, MN",Northern Leopard Frog,Chytridiomycosis (Batrachochytrium dendrobatidis)
300,2009-04-30,2009-05-10,Minnesota,"Itasca County, MN",Lesser Scaup; American Coot,Trematodiasis (Cyathocotyle bushiensis); Trematodiasis (Sphaeridiotrema globulus)
40,2008-10-01,2009-02-01,Minnesota,"Wright County, MN",Trumpeter Swan,Toxicosis (lead); Emaciation (not otherwise specified); Blunt Trauma (power line collision) suspect
50,2009-02-20,2009-04-15,Minnesota,"Carlton County, MN",Common Redpoll; Pine Siskin,Salmonellosis
1900,2008-04-02,2008-05-02,Minnesota,"Houston County, MN; Winona County, MN",Unidentified Waterfowl; American Coot; Lesser Scaup; Ruddy Duck; Ring-necked Duck; Bufflehead,Trematodiasis (Cyathocotyle bushiensis); Trematodiasis (Sphaeridiotrema globulus); Toxicosis (lead)
650,2008-09-15,2008-11-17,Minnesota,"Houston County, MN",Unidentified Avian; American Coot; Unidentified Waterfowl; Lesser Scaup; Ring-necked Duck,Trematodiasis (Cyathocotyle bushiensis); Trematodiasis (Sphaeridiotrema globulus)
25,2008-04-22,2008-04-26,Minnesota,"Crow Wing County, MN",Common Loon; Horned Grebe,Undetermined
12,2008-10-04,2008-10-23,Minnesota,"Aitkin County, MN",Redhead Duck; Ring-necked Duck,Toxicosis (lead)
857,2008-10-20,2008-11-04,Minnesota,"Itasca County, MN",Lesser Scaup; American Coot; Redhead Duck; White-winged Scoter,"Trematodiasis (Cyathocotyle bushiensis); Trematodiasis (Sphaeridiotrema globulus); Intestinal Coccidiosis (Coccidia, not otherwise specified)"
37,2008-09-08,2008-09-30,Minnesota,"Dakota County, MN",Mallard,Botulism Type C
3029,2008-07-10,2008-09-30,Minnesota,"Lac Qui Parle County, MN",American White Pelican; Unidentified Gull; Double-crested Cormorant; Great Egret; Canada Goose; Mallard; Great Blue Heron; Black-crowned Night-Heron; Semipalmated Plover; Unidentified Sandpiper,"West Nile Virus; Newcastle Disease; Salmonellosis; Undetermined; Renal Coccidiosis (Coccidia, not otherwise specified); Parasitism (Contracaecum sp.)"
1250,2008-07-14,2008-09-30,Minnesota,"St Louis County, MN; Lake Of The Woods County, MN; Marshall County, MN",Double-crested Cormorant; Ring-billed Gull; American White Pelican,Newcastle Disease; Emaciation (not otherwise specified); Trauma (not otherwise specified)
1578,2008-06-30,2008-09-30,Minnesota,"Faribault County, MN; Meeker County, MN; Mille Lacs County, MN; Cook County, MN; Beltrami County, MN; Lake Of The Woods County, MN; Lac Qui Parle County, MN",Double-crested Cormorant; American White Pelican; Ring-billed Gull; Unidentified Tern; Western Grebe; Great Blue Heron; Great Horned Owl; Mallard; Common Loon; Unidentified Avian,Newcastle Disease; Avian Paramyxovirus-1; Emaciation (not otherwise specified); Botulism Type C
40,2008-02-27,2008-04-01,Minnesota,"Aitkin County, MN",Rock Dove,Other (urinary); Emaciation (not otherwise specified)
6500,2007-10-29,2007-11-20,Minnesota,"Cass County, MN",Lesser Scaup; American Coot; Unidentified Goldeneye; Unidentified Snail,Trematodiasis (Sphaeridiotrema globulus); Trematodiasis (Cyathocotyle bushiensis); Trauma (not otherwise specified); Trematodiasis (Leyogonimus polyoon)
19800,2007-09-26,2007-11-27,Wisconsin; Minnesota,"La Crosse County, WI; Houston County, MN; Grant County, WI",Unidentified Avian; American Coot; Lesser Scaup; Ring-necked Duck; Gadwall; Ruddy Duck; Mallard; American Wigeon; Bufflehead; Canvasback; Redhead Duck; Common Goldeneye,Trematodiasis (Sphaeridiotrema globulus); Trematodiasis (Cyathocotyle bushiensis)
400,2007-09-01,2007-09-27,Minnesota,"Cass County, MN",Ring-billed Gull; Double-crested Cormorant; Herring Gull; Caspian Tern; American White Pelican,Avian Cholera; Newcastle Disease
4075,2007-06-15,2007-09-15,Minnesota,"Lac Qui Parle County, MN",American White Pelican; Ring-billed Gull; Double-crested Cormorant; Canada Goose; Mallard; Unidentified Egret; Ruddy Duck; Unidentified Duck; Wood Duck,Botulism Type C; Newcastle Disease; Undetermined
3700,2006-09-01,2006-11-29,Minnesota,"Houston County, MN",American Coot; Lesser Scaup; Bufflehead; Ruddy Duck; Common Goldeneye; Mallard; American Black Duck; Northern Shoveler; Ring-necked Duck,Trematodiasis (Cyathocotyle bushiensis); Trematodiasis (Sphaeridiotrema globulus)
20,2006-12-18,2006-12-20,Minnesota,"Houston County, MN",Tundra Swan,Pending; Toxicosis (lead)
151,2006-08-20,2006-08-30,Minnesota,"Otter Tail County, MN",Unidentified Duck; Wood Duck; Blue-winged Teal; Mallard,Botulism suspect
125,2006-06-21,2006-11-15,Minnesota,"Pine County, MN",House Finch; Purple Finch; American Goldfinch; Unidentified Pigeon; Unidentified Woodpecker; Blue Jay; Unidentified Sparrow,Bacterial Infection (not otherwise specified) suspect; Salmonellosis suspect
3150,2006-06-15,2006-09-01,Minnesota,"Big Stone County, MN",American White Pelican; Double-crested Cormorant; Ring-billed Gull; Canada Goose,West Nile Virus; Aspergillosis
150,2005-08-30,2005-11-25,Minnesota,"Houston County, MN",American Coot; Unidentified Duck or Goose,Trematodiasis (Cyathocotyle bushiensis); Trematodiasis (Sphaeridiotrema globulus)
13,2005-07-12,2007-06-21,Minnesota,"Marshall County, MN; Beltrami County, MN; Roseau County, MN",White-tailed Deer,"Toxicosis (anticoagulant rodenticide, not otherwise specified) suspect"
745,2005-09-01,2005-09-20,Minnesota; South Dakota,"Traverse County, MN; Roberts County, SD",American Coot; Mallard; Unidentified Duck; Blue-winged Teal; Green-winged Teal; Unidentified Waterfowl; Northern Shoveler; Northern Pintail; Gadwall; Unidentified Gull; Double-crested Cormorant; Wood Duck; American White Pelican; Ring-necked Duck; Canada Goose; Franklin's Gull; Pied-billed Grebe; Unidentified Shorebird,Botulism suspect
40,2005-10-07,2005-10-13,Minnesota,"Itasca County, MN",American Coot,"Trematodiasis (Cyathocotyle bushiensis); Intestinal Coccidiosis (Coccidia, not otherwise specified)"
200,2005-10-10,2005-10-15,Minnesota,"Wabasha County, MN",American Coot,Drowning (not otherwise specified); Blunt Trauma (not otherwise specified)
100,2005-09-07,2005-09-07,Minnesota,"Cook County, MN",Unidentified Passerine; Swainson's Thrush; Unidentified Warbler; White-throated Sparrow,Blunt Trauma (weather related) suspect
2800,2005-06-25,2005-08-15,Minnesota,"Lac Qui Parle County, MN",American White Pelican,West Nile Virus; Botulism Type C
10,2004-09-25,2004-12-20,Minnesota,"Houston County, MN",Unidentified Waterfowl; Ring-necked Duck; Lesser Scaup; American Coot,"Trematodiasis (Cyathocotyle bushiensis); Trematodiasis (Sphaeridiotrema globulus); Parasitism (Trematode, not otherwise specified); Penetrating Trauma (gunshot)"
82,2004-06-17,2004-07-01,Minnesota,"Lake Of The Woods County, MN",American White Pelican; Ring-billed Gull; Double-crested Cormorant,Pending
10000,2004-06-02,2004-06-08,Minnesota,"Isanti County, MN",Wood Frog,Ranavirus; Parasitism (not otherwise specified)
930,2004-05-30,2004-08-01,Minnesota,"Lac Qui Parle County, MN",American White Pelican,West Nile Virus; Pending; Botulism Type E; Salmonellosis
134,2003-11-05,2003-11-06,Minnesota,"Dakota County, MN",Unidentified Gull,Undetermined
17,2003-08-11,2003-08-18,Minnesota,"Dakota County, MN",Mallard,Pending
1280,2003-09-01,2003-09-25,Minnesota,"Traverse County, MN",American Coot; American White Pelican; Double-crested Cormorant; Sora Rail; Blue-winged Teal; Common Snipe; Green-winged Teal; Mallard; Northern Shoveler,Botulism Type C
51,2003-08-17,2003-08-27,Minnesota,"Otter Tail County, MN",Double-crested Cormorant; American White Pelican,West Nile Virus; Trauma (predation or aggression)
3242,2003-07-14,2003-09-08,Minnesota,"Lac Qui Parle County, MN",American White Pelican; Ring-billed Gull; Double-crested Cormorant; Great Egret; Canada Goose; Black-crowned Night-Heron; Unidentified Duck,West Nile Virus; Salmonellosis
8,2003-06-26,2003-07-15,Minnesota,"Marshall County, MN",American White Pelican,Trauma (gastrointestinal/hepatic); Bacterial Infection (Erysipelothrix rhusiopathae)
50,2002-10-22,2002-11-10,Minnesota,"Houston County, MN",Unidentified Waterfowl; American Coot; Unidentified Duck or Goose; Lesser Scaup; Ring-necked Duck,Trematodiasis (Cyathocotyle bushiensis); Trematodiasis (Sphaeridiotrema globulus)
15,2002-11-09,2002-11-18,Wisconsin; Minnesota,"La Crosse County, WI; Winona County, MN",Tundra Swan,New Duck Disease; Gout; Trauma (predation or aggression); Trauma (not otherwise specified); West Nile Virus
3540,2002-07-15,2002-09-01,Minnesota,"Lac Qui Parle County, MN",American White Pelican; Ring-billed Gull; Double-crested Cormorant; Canada Goose; Blue-winged Teal; Least Sandpiper; Mallard; Semipalmated Sandpiper; Unidentified Egret; Unidentified Heron,Exposure (hyperthermia); West Nile Virus; Botulism Type C
12,2002-08-10,2002-08-16,Minnesota,"Marshall County, MN",American White Pelican; Pied-billed Grebe; Double-crested Cormorant; Mallard,Botulism Type C; West Nile Virus; Avian Cholera
75,2002-06-21,2002-06-27,Minnesota,"Otter Tail County, MN",Green Frog,Undetermined
111,2001-07-03,2001-09-15,Minnesota,"Dakota County, MN",Mallard; Canada Goose; Unidentified Grackle; Wood Duck; Unidentified Gull,Botulism Type C
121,2000-07-03,2000-09-06,Minnesota,"Dakota County, MN",Mallard; Canada Goose; Wood Duck,Botulism Type C
100,2000-06-15,2000-07-13,Minnesota,"Crow Wing County, MN",Green Frog; Mink Frog; Fathead Minnow; Northern Leopard Frog; Stickleback,Parasitism (Perkinsus-like organism); Ranavirus
4,2000-06-01,2000-06-04,Minnesota,"Ramsey County, MN",American Crow,Aspergillosis
6,2000-05-01,2000-05-05,Minnesota,"Winona County, MN",Pickerel Frog; Northern Leopard Frog,Undetermined; Chytridiomycosis (Batrachochytrium dendrobatidis) suspect
104,2000-06-20,2000-09-15,Minnesota,"Crow Wing County, MN",Mink Frog; Fathead Minnow; Red-spotted Newt; Stickleback,Parasitism (Diplostomulum sp.); Ranavirus
50,1999-08-17,1999-08-17,Minnesota,"Hennepin County, MN",Mallard,Botulism Type C
35,1999-06-10,1999-07-25,Minnesota,"Crow Wing County, MN",Crappie; Dragonfly; Fathead Minnow; Green Frog; Mink Frog; Northern Leopard Frog; Painted Turtle; Stickleback; Unidentified Frog,Ranavirus
26,1997-11-17,1998-02-23,Minnesota,"Lac Qui Parle County, MN",Canada Goose; Unidentified Waterfowl; Mallard,Avian Cholera suspect
308,1997-11-10,1998-02-23,Minnesota,"Lac Qui Parle County, MN",Canada Goose; Unidentified Waterfowl; Mallard; Redhead Duck,Avian Cholera suspect
46,1997-09-10,1997-09-30,Minnesota,"Ramsey County, MN",Unidentified Shorebird; Mallard; Wood Duck; Canada Goose; Green-winged Teal; Northern Pintail,Botulism suspect
1540,1997-09-20,1997-10-06,Minnesota,"Jackson County, MN",Unidentified Duck; Unidentified Shorebird; Blue-winged Teal; Green-winged Teal; Mallard; Northern Shoveler; Unidentified Cormorant; Unidentified Gull; Unidentified Sandpiper; Unidentified Yellowlegs; Wood Duck,Botulism suspect
3075,1997-10-31,1998-02-23,Minnesota,"Lac Qui Parle County, MN",Canada Goose; Mallard; American Coot; Green-winged Teal; American Wigeon; American Black Duck; Gadwall; American Crow; Lesser Scaup; Ring-necked Duck,Avian Cholera
56,1997-02-04,1997-02-04,Minnesota,"Hennepin County, MN",Mallard,Toxicosis (sodium)
42,1996-11-07,1996-12-15,Minnesota,"Lac Qui Parle County, MN",Mallard,Toxicosis (lead)
8,1996-10-08,1996-10-08,Minnesota,"Ramsey County, MN",Canada Goose,Toxicosis (diazinon)
266,1996-11-07,1996-12-15,Minnesota,"Lac Qui Parle County, MN",Canada Goose; Mallard; Lesser Snow Goose; Ruddy Duck; Unidentified Scaup,Avian Cholera
90,1996-09-15,1996-09-26,Minnesota,"Stevens County, MN; Pope County, MN",Wood Duck; Mallard; American Coot; Blue-winged Teal; Double-crested Cormorant; Sora Rail,Botulism suspect
29,1996-06-20,1996-06-27,Minnesota,"Hennepin County, MN",Mallard; Wood Duck; Ruddy Duck; Canada Goose,Botulism Type C
128,1995-12-21,1996-02-09,Minnesota,"Dakota County, MN",Mallard,Pending; Other (respiratory)
110,1995-11-17,1995-11-20,Minnesota,"Lac Qui Parle County, MN",Canada Goose; Mallard,Avian Cholera suspect; Toxicosis (lead) suspect
50,1995-10-01,1995-11-15,Minnesota,"Sherburne County, MN",Canada Goose; Northern Pintail,Toxicosis (sodium)
8,1995-09-06,1995-09-20,Minnesota,"Sherburne County, MN",American White Pelican,Trauma (not otherwise specified)
758,1995-09-21,1995-10-12,Minnesota,"Marshall County, MN",Mallard; Unidentified Duck; American Coot; American Wigeon; Ring-necked Duck; Redhead Duck; Gadwall; Blue-winged Teal; Northern Pintail; Western Grebe; Canvasback,Botulism Type C
15,1995-05-25,1995-05-25,Minnesota,"Koochiching County, MN; St Louis County, MN",Beaver,Pending
7,1995-03-01,1995-04-01,Minnesota,"Beltrami County, MN",Pine Siskin,Salmonellosis
184,1995-04-27,1995-05-18,Minnesota,"Aitkin County, MN",Double-crested Cormorant; American White Pelican; Ring-billed Gull; Lesser Scaup; Pied-billed Grebe; Ring-necked Duck; Tundra Swan,"Ectoparasitism (leech, not otherwise specified); Anemia"
142,1995-04-13,1995-04-15,Minnesota,"Blue Earth County, MN",Lesser Scaup; Ring-necked Duck; Green-winged Teal; Blue-winged Teal,Toxicosis (phorate)
120,1994-12-11,1994-12-13,Minnesota,"Dakota County, MN",Mallard; Unidentified Duck; American Black Duck,Toxicosis (sodium); Pending
4,1994-11-13,1994-11-15,Minnesota,"Chippewa County, MN",Canada Goose,Esophageal Impaction
8,1994-10-03,1994-10-04,Minnesota,"Dakota County, MN",American White Pelican; American Coot; Double-crested Cormorant; Green-winged Teal,Trauma (not otherwise specified)
422,1994-08-01,1994-09-23,Minnesota,"Traverse County, MN",Blue-winged Teal; Green-winged Teal; Mallard; American Coot; Unidentified Sandpiper,Botulism Type C
80,1994-01-03,1994-01-31,Minnesota,"Hennepin County, MN",Mallard; American Black Duck; Ring-billed Gull,Toxicosis (sodium)
50,1993-12-08,1993-12-22,Minnesota,"Scott County, MN",Mallard,Toxicosis (diazinon)
125,1993-11-29,1993-12-15,Minnesota,"Lac Qui Parle County, MN",Mallard,Toxicosis (lead)
719,1993-11-02,1994-01-04,Minnesota,"Lac Qui Parle County, MN",Canada Goose; Mallard; Greater Snow Goose; Bufflehead; Greater Scaup; Lesser Scaup; Tundra Swan,Avian Cholera
11,1993-08-29,1993-08-29,Minnesota,"Crow Wing County, MN",Mallard; Unidentified Shrew,"Toxicosis (organophosphate, not otherwise specified)"
6,1993-08-20,1993-08-23,Minnesota,"Big Stone County, MN",American White Pelican,Emaciation (not otherwise specified)
400,1993-07-12,1993-08-10,Minnesota,"Nicollet County, MN",Western Grebe,Schistosomiasis suspect
2,1992-07-15,1992-07-15,Minnesota,"Becker County, MN",American White Pelican,Entrapment (fishing line)
2612,1992-07-15,1992-09-08,South Dakota; Minnesota,"Roberts County, SD; Traverse County, MN",Mallard; Unidentified Avian; Unidentified Duck; American Coot; Blue-winged Teal; Green-winged Teal; Wood Duck; Gadwall; Unidentified Grebe; Northern Pintail; Yellow-headed Blackbird; American White Pelican; Ruddy Duck; Northern Shoveler; Great Blue Heron; Sora Rail; Redhead Duck; Least Bittern; American Wigeon; Unidentified Cormorant; Ring-billed Gull,Botulism Type C
456,1992-07-15,1992-08-20,Minnesota,"Nicollet County, MN",Western Grebe,Schistosomiasis
801,1992-07-01,1992-08-21,Minnesota,"Otter Tail County, MN",Double-crested Cormorant; American White Pelican; Black Tern; Common Tern; Ring-billed Gull,Newcastle Disease
3,1992-07-07,1992-07-07,Minnesota,"Meeker County, MN",Double-crested Cormorant,Emaciation (not otherwise specified); Pneumonia
6,1992-07-07,1992-07-07,Minnesota,"Big Stone County, MN",Double-crested Cormorant; Great Blue Heron,Salmonellosis
2595,1992-06-20,1992-09-14,Minnesota,"Lac Qui Parle County, MN",American White Pelican; Double-crested Cormorant; Forster's Tern; Ring-billed Gull,Newcastle Disease
30,1992-05-01,1992-05-15,Minnesota,"Big Stone County, MN",Mallard,Botulism Type C
12,1992-06-21,1992-06-22,Minnesota,"Hennepin County, MN",Canada Goose; Downy Woodpecker,Toxicosis (diazinon)
30,1992-01-24,1992-01-25,Minnesota,"Hennepin County, MN",Mallard,Pending
6715,1991-10-17,1992-02-10,Minnesota,"Lac Qui Parle County, MN; Big Stone County, MN",Canada Goose; Mallard; Double-crested Cormorant; Green-winged Teal; Greater Snow Goose; Unidentified Gull; Pied-billed Grebe; American Coot; Gadwall; Ruddy Duck; American Wigeon; Northern Pintail; Redhead Duck; Bufflehead; Common Goldeneye; Red-breasted Merganser; Ring-necked Duck; Unidentified Scaup,Avian Cholera; Esophageal Impaction